{
  "materials": [
    {
      "item": {
        "type": "forge:partial_nbt",
        "item": "tacz:modern_kinetic_gun",
        "nbt": {
          "GunId": "gz:t81s"
        }
      },
      "count": 1
    },
    {
      "item": {
        "item": "minecraft:netherite_ingot"
      },
      "count": 32
    },
    {
      "item": {
        "item": "minecraft:nether_star"
      },
      "count": 1
    }
  ],
  "result": {
    "type": "gun",
    "id": "gz:t81lmg"
  },
  "type": "tacz:gun_smith_table_crafting"
}