{
  "model": "gz:gun/arx200_nero_geo",
  "texture": "gz:gun/uv/arx200_nero",
  "lod": {
    "model": "gz:gun/arx200_nero",
    "texture": "gz:gun/arx200_nero"
  },
  "hud": "gz:gun/hud/arx200_nero",
  "slot": "gz:gun/slot/arx200_nero",
  "animation": "tacz:scar_h",
  "use_default_animation": "rifle",
  "third_person_animation": "default",
  "transform": {
    "scale": {
      "thirdperson": [
        0.6,
        0.6,
        0.6
      ],
      "ground": [
        0.6,
        0.6,
        0.6
      ],
      "fixed": [
        1.2,
        1.2,
        1.2
      ]
    }
  },
  "muzzle_flash": {
    "texture": "tacz:flash/common_muzzle_flash",
    "scale": 0.5
  },
  "iron_zoom": 1.0,
  "zoom_model_fov": 45,
  "shell": {
    "initial_velocity": [
      5,
      2,
      1
    ],
    "random_velocity": [
      1,
      1,
      0.25
    ],
    "acceleration": [
      0.0,
      -10,
      0.0
    ],
    "angular_velocity": [
      360,
      -1200,
      90
    ],
    "living_time": 1.0
  },
  "sounds": {
    "shoot": "gz:arx200/arx200_shoot",
    "shoot_3p": "gz:arx200/arx200_shoot_3p",
    "silence": "gz:arx200/arx200_silence",
    "silence_3p": "gz:arx200/arx200_silence_3p",
    "dry_fire": "tacz:dry_fire",
    "fire_select": "tacz:fire_select",
    "head_hit": "tacz:head_hit",
    "flesh_hit": "tacz:flesh_hit",
    "kill": "tacz:kill",
    "melee_push": "tacz:melee_stock/melee_stock_01",
    "melee_stock": "tacz:melee_stock/melee_stock_03"
  },
  "offhand_show": {
    "pos": [
      0,
      19,
      4
    ],
    "rotate": [
      0,
      0,
      60
    ],
    "scale": [
      0.5,
      0.5,
      0.5
    ]
  },
  "hotbar_show": {
    "0": {
      "pos": [
        0,
        19,
        3
      ],
      "rotate": [
        -180,
        0,
        120
      ],
      "scale": [
        0.5,
        0.5,
        0.5
      ]
    }
  }
}