{
  "model": "gz:gun/aug_9mm_geo",
  "texture": "gz:gun/uv/aug_9mm",
  "lod": {
    "model": "gz:gun/aug_9mm",
    "texture": "gz:gun/aug_9mm"
  },
  "hud": "gz:gun/hud/aug_9mm",
  "slot": "gz:gun/slot/aug_9mm",
  "animation": "gz:auga3",
  "use_default_animation": "rifle",
  "third_person_animation": "default",
  "transform": {
    "scale": {
      "thirdperson": [
        0.6,
        0.6,
        0.6
      ],
      "ground": [
        0.6,
        0.6,
        0.6
      ],
      "fixed": [
        1.2,
        1.2,
        1.2
      ]
    }
  },
  "muzzle_flash": {
    "texture": "tacz:flash/common_muzzle_flash",
    "scale": 0.75
  },
  "iron_zoom": 1.0,
  "zoom_model_fov": 45,
  "shell": {
    "initial_velocity": [
      5,
      2,
      1
    ],
    "random_velocity": [
      1,
      1,
      0.25
    ],
    "acceleration": [
      0.0,
      -10,
      0.0
    ],
    "angular_velocity": [
      360,
      -1200,
      90
    ],
    "living_time": 1.0
  },
  "sounds": {
    "shoot": "gz:aug_9mm/aug_9mm_shoot",
    "shoot_3p": "gz:aug/aug_9mm_shoot_3p",
    "silence": "gz:aug_9mm/aug_9mm_silence",
    "silence_3p": "gz:aug_9mm/aug_9mm_silence_3p",
    "reload_empty": "tacz:aug/aug_reload_empty",
    "reload_tactical": "tacz:aug/aug_reload_tactical",
    "inspect": "tacz:aug/aug_inspect",
    "inspect_empty": "tacz:aug/aug_inspect_empty",
    "draw": "tacz:aug/aug_draw",
    "put_away": "tacz:aug/aug_put_away",
    "melee_push": "tacz:melee_stock/melee_stock_01",
    "melee_stock": "tacz:melee_stock/melee_stock_02"
  },
  "offhand_show": {
    "pos": [
      1,
      19,
      4
    ],
    "rotate": [
      0,
      0,
      50
    ],
    "scale": [
      0.5,
      0.5,
      0.5
    ]
  },
  "hotbar_show": {
    "0": {
      "pos": [
        -1,
        19,
        3
      ],
      "rotate": [
        -180,
        0,
        130
      ],
      "scale": [
        0.5,
        0.5,
        0.5
      ]
    }
  }
}